first_name,last_name,job_title,department,email,address,phone_number,salary,password
Shelley,Scott,Diplomatic Services operational officer,Chartered certified accountant,tyler54@example.net,West Jeffreyshire,+1-689-561-6662x113,10904,IrAaSPgR
Rhonda,Castillo,Chiropractor,Broadcast journalist,stephen26@example.com,Jamesborough,974.263.6676x8943,94840,7Ru5nvmS
Rick,Black,Health promotion specialist,Forensic scientist,wallbilly@example.net,New Stacy,001-841-674-1300x41055,66145,menm3v0u
James,Nielsen,Actuary,Clothing/textile technologist,adam87@example.org,South Danielle,774.481.1966x2077,53238,h2OqIiwX
John,Mckay,Trading standards officer,"Scientist, water quality",cflores@example.com,Terriside,722.976.2621,19924,oawkkFZF
Paul,Gordon,Lexicographer,Meteorologist,melanie97@example.com,New Terri,860.529.5660,26442,jryX1LMW
Michael,Sparks,Software engineer,Interpreter,heather59@example.net,Lewisfurt,+1-651-762-0177x867,96431,ojUy7geP
Daniel,Downs,Research scientist (maths),Soil scientist,fmichael@example.org,East Cindyberg,(261)801-2221,19620,mpcPjjkk
Casey,Massey,Microbiologist,Contractor,meganestes@example.org,Port Joshuashire,(506)263-9530,3321,gGEmBlxa
Shane,Garcia,Barista,"Education officer, environmental",william29@example.com,New Mariamouth,001-803-828-4796x3645,55497,KTkjmKWd
Rhonda,Fernandez,Location manager,Medical laboratory scientific officer,elynch@example.com,South Reginafort,811-856-7610x178,43594,Mts783dc
Debbie,Stone,Barrister's clerk,"Horticulturist, commercial",harrisonjohn@example.com,South Matthew,474.200.2292x508,72823,9uOGCoBg
Monica,Johnson,Publishing rights manager,"Education officer, environmental",owest@example.org,West Jamesfort,(272)806-0970,6560,oEy419kb
Jennifer,Acosta,"Engineer, communications",Ceramics designer,roconnell@example.org,Stephenborough,754-940-6745x5140,92944,xm57X4hX
Jessica,Jennings,Public librarian,Control and instrumentation engineer,kurtbarker@example.net,Stuartbury,+1-775-292-0146x1968,72753,StXIqX8L
David,Lambert,Advice worker,Geophysical data processor,patrickhines@example.net,South Ashleystad,+1-485-379-8103,11899,HGig0f40
Brent,Ayala,Science writer,Gaffer,stricklandkaren@example.net,Thompsonfort,2849504534,67902,nrmyWZSl
Trevor,Snyder,Phytotherapist,Risk manager,michele78@example.net,Hayesport,981-863-4876x7122,8307,GpYoyPy3
Vanessa,Johnson,Adult nurse,Child psychotherapist,samantha73@example.net,Lake Dannychester,(216)827-6585,60108,lvxOj2zo
Shannon,Travis,Electronics engineer,Maintenance engineer,cory22@example.net,Robertsonmouth,519-563-8118,16426,zu8uhMVu
Katherine,Hood,Publishing rights manager,"Scientist, research (physical sciences)",oevans@example.com,North Mary,+1-828-859-1935,32532,y1yhSGwr
Kelly,Hicks,Medical secretary,"Producer, radio",rbuchanan@example.com,Davisport,001-979-204-8912x1059,4153,2WfvmDgK
Charles,Singh,Fitness centre manager,"Psychologist, prison and probation services",jason56@example.com,North Matthew,940-960-4817x63791,88486,XFoNqDum
Paul,Jones,"Exhibitions officer, museum/gallery",Air traffic controller,christopher70@example.com,Port Ginaland,(307)826-5498x921,15144,hJuo5NpI
Kristin,Collins,Building surveyor,"Engineer, broadcasting (operations)",adam40@example.net,Shawnton,581-475-0419x8449,54429,LP3TlF1k
Donna,Coleman,Museum/gallery conservator,Haematologist,alexanderturner@example.net,North Danielle,001-422-803-7169x3268,81573,p9MzaKle
Chloe,Rodriguez,Housing manager/officer,"Teacher, music",thorntonpamela@example.net,Kimberlyton,+1-384-843-3601x657,25769,sAm8qaxY
Bryan,Murray,"Therapist, music",Retail banker,vicki42@example.net,New Amber,(263)898-1573x7930,33017,rWAf6tl9
Maria,Carter,Fitness centre manager,Theatre stage manager,diane45@example.net,Simonstad,(343)309-9348x039,26531,9eXJB1qu
Keith,Miller,Sub,Architect,tbrown@example.net,South Austin,+1-770-962-3935x804,8768,6fB5yRLD
Wanda,Ramirez,Web designer,Charity fundraiser,gabrielleramirez@example.net,South Rodney,001-863-276-5751x3407,34271,Ba8l4p0y
Christine,Arellano,Secretary/administrator,Equality and diversity officer,jacob06@example.com,Loriton,(661)740-8292,53614,vylsRoAS
Sandra,Baird,Equality and diversity officer,Optometrist,guerraleslie@example.com,West Kevinbury,713-803-6541,42548,0dqdPH7q
Karen,Bennett,Market researcher,"Engineer, manufacturing systems",randallsmith@example.org,Lawsonbury,242-350-6231x036,40165,leqK8C7x
Jamie,Mays,Medical technical officer,"Psychologist, occupational",rsmith@example.org,New Willieside,739-745-3602x403,26362,IWaemRhL
Kenneth,Kim,Private music teacher,"Engineer, maintenance (IT)",carl25@example.org,Victoriaburgh,898.772.3962,24140,LCUwhizW
Diane,Rasmussen,Air broker,Musician,martineznicole@example.com,Lake Williamtown,593-694-0862x112,27474,Nx5Yr1jB
Victor,Martin,Glass blower/designer,Health physicist,gbrown@example.com,North Christina,001-785-625-5546x796,33503,31GYgmE3
Andrew,Gibbs,Communications engineer,Computer games developer,dereklane@example.com,Lake Alisonview,(451)680-3329x7833,66086,C9meOSUk
Victoria,Leonard,Chief Executive Officer,Educational psychologist,dedwards@example.org,Pooleberg,8092929900,51552,NnmmeScN
Sarah,Weaver,Barista,"Pilot, airline",elizabethhoward@example.org,New Nathan,548.254.5884x258,13637,gfo4o2jz
Thomas,Mccoy,Metallurgist,English as a second language teacher,johnsonlaurie@example.com,Millston,685.895.0138x6047,27508,cr2BALln
Barbara,Velasquez,"Sound technician, broadcasting/film/video","Horticulturist, commercial",trusso@example.com,Leemouth,001-446-283-5837,79092,l0kg2Qmk
Adam,Russell,Location manager,Media planner,vavila@example.org,North Matthewville,515-217-4485,21320,OfmF9umD
Nathaniel,Jones,Financial risk analyst,"Engineer, petroleum",thompsonkenneth@example.net,Conwaymouth,+1-343-994-3149x5360,48192,Nd4eyxoz
Vincent,Harrell,Contractor,Nature conservation officer,sarahhorton@example.net,South Timothy,(487)963-8521x25603,98890,wur4421c
Stephanie,Swanson,Intelligence analyst,Quantity surveyor,mcdonalddylan@example.net,Francobury,4302160575,91259,NL9vwAKK
Wanda,Reeves,Product manager,Visual merchandiser,zharper@example.net,Stephanieberg,7884683873,72913,h1k6Yc4M
Jason,Spencer,"Programmer, systems",Fine artist,abigailyoung@example.net,New Thomas,001-642-406-3186x2888,28374,9NmkHj6X
Lisa,Wells,Professor Emeritus,"Producer, radio",vincentsmith@example.org,Hornchester,918-934-2962x654,6841,qhs2jnx8
Austin,Stephens,Secretary/administrator,"Teacher, early years/pre",hsmith@example.com,Thomasland,754.965.0742,86322,ROXyoePa
Curtis,Phillips,"Chemist, analytical",Equities trader,gregrodriguez@example.com,East Rose,001-373-796-6773x02178,53361,omLljIjG
Melissa,Massey,Accounting technician,Sports therapist,laurajones@example.org,Bryanport,(903)917-0874x23625,46055,oD81aS19
Michael,Waller,"Psychologist, forensic",Town planner,rosskaren@example.org,West Jacqueline,001-899-347-1797x78960,50787,r8kC4u8u
Elizabeth,Avila,Electronics engineer,Health service manager,nreyes@example.org,Lindsayview,001-572-668-5296x916,96642,f8s6ACxJ
Maureen,Crawford,Mental health nurse,Cytogeneticist,williamsdeborah@example.com,Longview,263-235-9715x945,69196,m2lQNp7E
Mark,Hamilton,Community arts worker,Public house manager,fullererin@example.org,Wintersland,(541)749-9234x9509,46251,umDaYNRB
Daniel,Lopez,Veterinary surgeon,Best boy,kcardenas@example.net,Amyview,286-579-4862,29698,qnjpyDzS
Cheryl,Hunter,Air cabin crew,"Engineer, water",williamsimmons@example.org,South Isaiah,983.508.3986,61590,bwSaLVMI
Michelle,Hernandez,Housing manager/officer,Intelligence analyst,christopherlee@example.net,West Lindastad,438.971.2665x26048,85539,cMgo5zQW
Aaron,Green,"Scientist, research (medical)",Camera operator,hughesmitchell@example.org,Alyssaland,(694)442-1347,98530,ocqO0bXB
Kristin,Duke,"Doctor, hospital",Geophysical data processor,karen43@example.org,West Angelafort,(996)923-6110x842,61367,t9F55EhH
Katelyn,Harris,"Optician, dispensing",Technical sales engineer,timothy23@example.net,North Elizabethview,(503)643-0135,91131,hlHnObMM
Lori,Kaiser,Computer games developer,"Pharmacist, community",uorozco@example.net,East Theodore,001-227-280-3987x29524,49366,zjt5CLOi
Nancy,Howard,"Designer, television/film set",Sports therapist,amandamartinez@example.org,Williamport,979.397.4893,29807,Zs7stC9K
Kristi,Moyer,Hospital pharmacist,Exhibition designer,knightchristopher@example.org,East David,462-439-2067x58585,10748,T8p6fmJ0
Reginald,Griffith,Environmental consultant,Fashion designer,amanda92@example.com,Jonesmouth,+1-987-788-1891x030,96687,vaeLI5kC
Sheila,Lee,Environmental consultant,Control and instrumentation engineer,danielbryan@example.net,Leemouth,+1-394-205-9010x02536,59060,QZOkYn3L
Paul,Martin,Higher education lecturer,"Therapist, art",csingleton@example.net,Bakerburgh,759-563-2978x577,25567,hiugASeK
David,Brown,Furniture conservator/restorer,Careers adviser,rwilliams@example.com,Caitlynhaven,858.987.3771,1800,5xaxqdrk
Brandon,Roy,Data scientist,Museum/gallery conservator,hernandeztodd@example.com,New Gabriella,+1-491-373-7826x06696,87254,4b06poxn
Kathryn,Herring,Accounting technician,Lawyer,bmcfarland@example.org,Beckshire,(934)500-4279x934,64900,SUhaN6Yz
Debbie,Aguilar,Records manager,Production engineer,rebekahjohnson@example.com,East Barbaraport,(718)297-4458,16305,8y5WNRiW
Susan,Nash,Haematologist,"Accountant, chartered management",brittanygreene@example.com,West Stephanieport,(220)465-6370x964,735,OihKlQIz
Thomas,Owen,"Surveyor, insurance",Orthoptist,qfrancis@example.org,West Darrell,2087876544,50022,8lLJPJ3N
Clayton,Lucas,Dietitian,Adult nurse,louis22@example.com,Leland,+1-852-853-9345x4201,5669,whvETd9x
Jessica,Bird,Research scientist (life sciences),Production manager,bethany53@example.com,Farmermouth,927-456-9309x2932,69989,hLeICAgm
Paula,Horton,Location manager,Health physicist,abullock@example.net,East Lisa,001-520-509-1983x3137,26603,O4VvW2RY
Sara,Baker,Public house manager,Housing manager/officer,emilybrowning@example.net,Garciamouth,001-675-515-9106x84459,64441,vkXTOQzI
Matthew,Hardy,Higher education careers adviser,Marketing executive,tiffanyduncan@example.com,Rodneymouth,909-661-4368x5201,53676,EYbEvR2g
Alejandro,Ray,Child psychotherapist,Speech and language therapist,srogers@example.org,South Douglas,(333)503-5758x619,55024,8IIByN2e
John,Wilson,Theatre stage manager,Curator,jennifer58@example.com,Juliemouth,9902048469,77857,9rI627LC
Alice,Sanders,Pathologist,Primary school teacher,castroshelby@example.net,South Crystalmouth,859.818.6642,17757,gr8Ql8Vd
Lori,Beck,Sub,Advertising art director,osexton@example.org,South Sabrinafurt,474.840.0128x235,98194,yFdZA6mx
Adam,Hunt,Information officer,Information officer,ryan71@example.com,Annamouth,001-782-262-0183x86033,22622,8YOB5dRk
Joanna,Thompson,"Psychologist, counselling",Advertising copywriter,aromero@example.org,Lake Joshuaburgh,+1-491-567-3145x7351,92195,A2HBQXkD
Travis,Yoder,Insurance broker,Trading standards officer,mary32@example.org,East Sarahberg,001-530-430-8400x618,16707,mInVGBdo
Lynn,Miller,Estate manager/land agent,"Research officer, trade union",adam49@example.net,North Paulport,825.643.4580,14731,f0MADiHI
Bridget,Johnson,Actor,Insurance account manager,stevensjustin@example.net,Eatonville,335.933.3244x4697,42632,yo4eOhT7
Joshua,Grimes,"Therapist, music",Curator,jonathanquinn@example.org,East Raymondchester,001-858-920-8549x32031,11097,817d33Zz
Justin,Molina,Theme park manager,"Civil engineer, contracting",jimmyzhang@example.org,South Christopher,001-855-235-0344x33714,33707,bRuIENCu
Kim,Phillips,"Engineer, chemical",Gaffer,elewis@example.org,West Roger,+1-369-373-8999,99295,K3qF4URa
Rhonda,Fleming,Electronics engineer,Occupational hygienist,amanda81@example.net,East Brittanyside,436.367.9693x3651,79071,32jbWDpo
Todd,Gomez,Medical illustrator,Contractor,adriennegonzalez@example.com,Halefort,526-760-9864x276,50273,nMV3HwKh
Brian,Jackson,"Teacher, adult education","Buyer, retail",gutierrezmia@example.org,Elizabethberg,+1-672-715-6003x1525,25533,KC3qzvoc
Angela,Garcia,"Engineer, production",Bonds trader,patricia26@example.net,Sarafort,288-369-2826x84713,15849,3RUHDhp7
Katelyn,Crawford,Secretary/administrator,Energy engineer,justinray@example.com,Lake Sandratown,576.297.6831x5046,86819,wd8CzrHP
Joseph,Miller,Chartered loss adjuster,Oceanographer,jasongriffin@example.net,West Ernestshire,881.780.7260x79757,33989,zQ9OIOVi
Jacqueline,Green,Glass blower/designer,"Surveyor, commercial/residential",orios@example.com,New Robert,(282)415-0279x079,4469,1IdmvRm2
Christina,Miller,"Scientist, clinical (histocompatibility and immunogenetics)",Media planner,pgallegos@example.org,Salasstad,558-870-1546x5663,83927,5PXCVoUY
